<?xml version="1.0" encoding="UTF-8"?>
<beans xmlns="http://www.springframework.org/schema/beans"
	xmlns:xsi="http://www.w3.org/2001/XMLSchema-instance" xmlns:task="http://www.springframework.org/schema/task"
	xmlns:context="http://www.springframework.org/schema/context"
	xmlns:flow="http://www.springframework.org/schema/webflow-config"
	xmlns:mvc="http://www.springframework.org/schema/mvc"
	xsi:schemaLocation="http://www.springframework.org/schema/beans
       http://www.springframework.org/schema/beans/spring-beans-3.0.xsd
       http://www.springframework.org/schema/context
       http://www.springframework.org/schema/context/spring-context-3.0.xsd
       http://www.springframework.org/schema/webflow-config
	   http://www.springframework.org/schema/webflow-config/spring-webflow-config-2.3.xsd
	   http://www.springframework.org/schema/mvc
	   http://www.springframework.org/schema/mvc/spring-mvc-3.0.xsd">

	<mvc:annotation-driven />
	<context:annotation-config />
	<context:component-scan base-package="org.smartcity.web.api" />
	<!--context:component-scan base-package="org.smartcity.web.action" /-->

	<!--bean class="org.springframework.web.servlet.mvc.annotation.AnnotationMethodHandlerAdapter" /-->
	
	<bean id="viewResolver" class="org.springframework.web.servlet.view.InternalResourceViewResolver">
		<property name="prefix"><value>/WEB-INF/pages/</value></property>
		<property name="suffix"><value>.jsp</value></property>
	</bean>

</beans>