<?xml version="1.0" encoding="UTF-8"?>
<beans xmlns="http://www.springframework.org/schema/beans"
	xmlns:xsi="http://www.w3.org/2001/XMLSchema-instance" xmlns:context="http://www.springframework.org/schema/context"
	xsi:schemaLocation="http://www.springframework.org/schema/beans 
			http://www.springframework.org/schema/beans/spring-beans-3.0.xsd
			http://www.springframework.org/schema/context 
			http://www.springframework.org/schema/context/spring-context-3.0.xsd">

	<context:property-placeholder location="classpath:smartcity-db.properties" />

	<bean id="dataSource" class="com.mchange.v2.c3p0.ComboPooledDataSource" >
		<property name="driverClass" value="${jdbc.driverClassName}" />
		<property name="jdbcUrl" value="${jdbc.database.url}" />
		<property name="user" value="${jdbc.username}" />
		<property name="password" value="${jdbc.password}" />
		<property name="initialPoolSize" value="${jdbc.initialPoolSize}" />
		<property name="minPoolSize" value="${jdbc.minPoolSize}" />
		<property name="maxPoolSize" value="${jdbc.maxPoolSize}" />
		<property name="checkoutTimeout" value="${jdbc.checkoutTimeout}" />
		<property name="acquireIncrement" value="${jdbc.acquireIncrement}" />
		<property name="maxIdleTime" value="${jdbc.maxIdleTime}" />
		<property name="maxStatements" value="${jdbc.maxStatements}" />
		<property name="numHelperThreads" value="${jdbc.numHelperThreads}" />
		<property name="idleConnectionTestPeriod" value="100" />
        <property name="preferredTestQuery" value="select 1" />
	</bean>
	
</beans>

